Dataset,Jumlah_Sampel,Persentase,Mean,Median,Std_Dev,Min,Max
Total,134,100.0,186996.9154228856,23000.0,564680.5601871551,150.0,5525000.0
Train,107,79.8507462686567,200041.7679127726,23000.0,614811.0278200635,225.0,5525000.0
Test,27,20.149253731343283,135300.64814814815,13750.0,294262.36104729923,150.0,1300000.0
